cluster,name,description,entity,risk_tier,human_approval,dependencies,purpose
01-governance-doctrine,danantara-way-governance,"Applies the Danantara Way doctrines—commercial discipline, national consequence, active ownership, prudence, transparency, measurable transformation, sovereignty, and intergenerational value. Use when framing, assessing, challenging, or approving any material Danantara decision.",BPI/DAM/DIM/DDMF,critical,Mandatory for material decisions,,"Applies the Danantara Way doctrines—commercial discipline, national consequence, active ownership, prudence, transparency, measurable transformation, sovereignty, and intergenerational value."
01-governance-doctrine,danantara-ai-constitution,"Enforces enterprise AI principles, authority boundaries, confidentiality, evidence standards, human accountability, prohibited actions, and escalation rules. Use for every AI-enabled workflow that handles Danantara information, analysis, recommendations, or decisions.",BPI,critical,AI Governance Committee,,"Enforces enterprise AI principles, authority boundaries, confidentiality, evidence standards, human accountability, prohibited actions, and escalation rules. Use for every AI-enabled workflow that handles Danantara information, analysis, recommendations, or decisions."
01-governance-doctrine,mandate-authority-interpreter,"Interprets the applicable mandate, legal authority, delegated power, and institutional boundary for a proposed action. Use when responsibility among BPI, DAM, DIM, DDMF, BUMN, boards, committees, or government stakeholders is unclear.",BPI,critical,Legal/governance owner,,"Interprets the applicable mandate, legal authority, delegated power, and institutional boundary for a proposed action."
01-governance-doctrine,decision-rights-checker,"Identifies who proposes, reviews, recommends, approves, executes, monitors, and bears accountability for a decision. Use before issuing recommendations, commitments, capital allocations, corporate actions, disclosures, or binding instructions.",BPI/DAM/DIM/DDMF,critical,Authorized decision owner,mandate-authority-interpreter,"Identifies who proposes, reviews, recommends, approves, executes, monitors, and bears accountability for a decision. Use before issuing recommendations, commitments, capital allocations, corporate actions, disclosures, or binding instructions."
01-governance-doctrine,conflict-of-interest-gate,"Detects actual, potential, and perceived conflicts of interest, related parties, hidden beneficiaries, influence channels, and recusal needs. Use for appointments, procurement, investments, partnerships, restructuring, transactions, and material exceptions.",BPI/DAM/DIM/DDMF,critical,Independent governance reviewer,,"Detects actual, potential, and perceived conflicts of interest, related parties, hidden beneficiaries, influence channels, and recusal needs. Use for appointments, procurement, investments, partnerships, restructuring, transactions, and material exceptions."
01-governance-doctrine,prudence-and-downside-gate,"Tests capital preservation, permanent-loss risk, downside scenarios, reversibility, liquidity, and risk ownership. Use before committing capital, extending support, changing strategy, accepting guarantees, or approving high-uncertainty initiatives.",BPI/DAM/DIM/DDMF,critical,Risk owner and approving authority,,"Tests capital preservation, permanent-loss risk, downside scenarios, reversibility, liquidity, and risk ownership. Use before committing capital, extending support, changing strategy, accepting guarantees, or approving high-uncertainty initiatives."
01-governance-doctrine,transparency-disclosure-gate,"Determines what material information, assumptions, risks, decisions, and performance must be documented or disclosed while preserving lawful confidentiality. Use for board papers, investor materials, public statements, financial reporting, and major decisions.",BPI/DAM/DIM/DDMF,high,Disclosure/legal owner,,"Determines what material information, assumptions, risks, decisions, and performance must be documented or disclosed while preserving lawful confidentiality. Use for board papers, investor materials, public statements, financial reporting, and major decisions."
01-governance-doctrine,strategic-confidentiality-classifier,"Classifies information by sensitivity, strategic importance, legal restriction, market impact, personal data, and national-security relevance. Use before retrieval, sharing, model processing, cross-border transfer, publication, or external collaboration.",BPI/DAM/DIM/DDMF,critical,Information owner,,"Classifies information by sensitivity, strategic importance, legal restriction, market impact, personal data, and national-security relevance. Use before retrieval, sharing, model processing, cross-border transfer, publication, or external collaboration."
01-governance-doctrine,integrity-beneficiary-check,"Tests whether a proposal is lawful, ethical, independently supportable, and free from concealed beneficiaries, side arrangements, or improper advantage. Use when a transaction or instruction appears formally compliant but substantively questionable.",BPI/DAM/DIM/DDMF,critical,Ethics/compliance owner,,"Tests whether a proposal is lawful, ethical, independently supportable, and free from concealed beneficiaries, side arrangements, or improper advantage."
01-governance-doctrine,long-term-value-test,"Assesses whether a decision creates durable economic, strategic, capability, resilience, and intergenerational value over 10–20 years. Use when short-term earnings, political urgency, or temporary market conditions could distort the decision.",BPI/DAM/DIM/DDMF,high,Strategy and investment owner,,"Assesses whether a decision creates durable economic, strategic, capability, resilience, and intergenerational value over 10–20 years."
01-governance-doctrine,dual-mandate-balancer,"Balances commercially disciplined return with measurable national impact without disguising subsidy, bailout, or weak economics. Use when return, resilience, employment, sovereignty, industrialization, or public-service outcomes must be evaluated together.",BPI/DIM/DDMF,critical,Investment committee or mandated authority,,"Balances commercially disciplined return with measurable national impact without disguising subsidy, bailout, or weak economics."
01-governance-doctrine,vocabulary-and-narrative-guard,"Enforces Danantara preferred vocabulary and flags unsupported phrases, vague synergies, informal-instruction logic, unmeasured national impact, bailout framing, and narrative-only decisions. Use when drafting or reviewing any formal Danantara output.",BPI/DAM/DIM/DDMF,medium,Document owner,,"Enforces Danantara preferred vocabulary and flags unsupported phrases, vague synergies, informal-instruction logic, unmeasured national impact, bailout framing, and narrative-only decisions."
02-orchestration,danantara-master-orchestrator,"Routes complex Danantara requests across governance, DAM, DIM, DDMF, functional, sector, and assurance skills; sequences evidence, analysis, challenge, approval, and audit steps. Use for multi-domain, material, ambiguous, or end-to-end workflows.",BPI/DAM/DIM/DDMF,critical,Workflow accountable executive,danantara-ai-constitution;danantara-way-governance;intent-and-entity-router;decision-quality-gate,"Routes complex Danantara requests across governance, DAM, DIM, DDMF, functional, sector, and assurance skills; sequences evidence, analysis, challenge, approval, and audit steps. Use for multi-domain, material, ambiguous, or end-to-end workflows."
02-orchestration,intent-and-entity-router,"Classifies user intent, affected entity, decision type, process stage, materiality, sensitivity, and required skill family. Use as the first routing step for requests that may involve BPI, DAM, DIM, DDMF, BUMN, or multiple functions.",BPI/DAM/DIM/DDMF,high,Workflow owner,,"Classifies user intent, affected entity, decision type, process stage, materiality, sensitivity, and required skill family. Use as the first routing step for requests that may involve BPI, DAM, DIM, DDMF, BUMN, or multiple functions."
02-orchestration,workflow-planner,"Converts an objective into ordered tasks, dependencies, evidence needs, specialist roles, challenge gates, approvals, and deliverables. Use when work requires multiple analytical steps or coordinated human and AI participation.",BPI/DAM/DIM/DDMF,high,Workflow owner,,"Converts an objective into ordered tasks, dependencies, evidence needs, specialist roles, challenge gates, approvals, and deliverables."
02-orchestration,skill-chain-composer,"Selects and sequences reusable skills into an end-to-end workflow while avoiding duplicated analysis and conflicting mandates. Use after routing when a request requires several domain, sector, governance, or assurance capabilities.",BPI/DAM/DIM/DDMF,high,Workflow owner,,"Selects and sequences reusable skills into an end-to-end workflow while avoiding duplicated analysis and conflicting mandates. Use after routing when a request requires several domain, sector, governance, or assurance capabilities."
02-orchestration,parallel-analysis-dispatcher,"Dispatches independent workstreams in parallel, defines non-overlapping scopes, and reconciles results. Use for due diligence, portfolio reviews, scenario studies, board preparation, or time-critical analysis requiring multiple specialists.",BPI/DAM/DIM/DDMF,high,Workflow owner,,"Dispatches independent workstreams in parallel, defines non-overlapping scopes, and reconciles results. Use for due diligence, portfolio reviews, scenario studies, board preparation, or time-critical analysis requiring multiple specialists."
02-orchestration,evidence-retrieval-orchestrator,"Plans and coordinates retrieval from approved internal and external sources, prioritizing authoritative, current, traceable evidence. Use when decisions require documents, data, benchmarks, regulations, market intelligence, or historical precedents.",BPI/DAM/DIM/DDMF,high,Information owner,,"Plans and coordinates retrieval from approved internal and external sources, prioritizing authoritative, current, traceable evidence."
02-orchestration,source-hierarchy-resolver,"Ranks conflicting sources by legal authority, ownership, recency, audit status, independence, and relevance; records unresolved discrepancies. Use when data, policies, valuations, or narratives disagree.",BPI/DAM/DIM/DDMF,high,Subject-matter owner,,"Ranks conflicting sources by legal authority, ownership, recency, audit status, independence, and relevance; records unresolved discrepancies."
02-orchestration,data-classification-router,"Routes information and tasks only to models, tools, repositories, locations, and users permitted by the applicable data classification. Use before any AI processing, connector call, cross-entity sharing, or external model use.",BPI/DAM/DIM/DDMF,critical,Data owner and security,,"Routes information and tasks only to models, tools, repositories, locations, and users permitted by the applicable data classification. Use before any AI processing, connector call, cross-entity sharing, or external model use."
02-orchestration,human-approval-orchestrator,"Maps risk-tiered outputs to required reviewers, approvers, recusals, quorum, conditions, and evidence of approval. Use whenever AI analysis may influence capital, governance, legal, personnel, disclosure, or strategic decisions.",BPI/DAM/DIM/DDMF,critical,Authorized approver,,"Maps risk-tiered outputs to required reviewers, approvers, recusals, quorum, conditions, and evidence of approval."
02-orchestration,red-team-orchestrator,"Assigns independent challengers to test thesis, valuation, assumptions, legal basis, governance, impact, execution, and downside without sharing the preferred answer. Use before material recommendations or committee decisions.",BPI/DAM/DIM/DDMF,critical,Independent review owner,,"Assigns independent challengers to test thesis, valuation, assumptions, legal basis, governance, impact, execution, and downside without sharing the preferred answer. Use before material recommendations or committee decisions."
02-orchestration,assumption-uncertainty-manager,"Registers assumptions, confidence, data gaps, sensitivities, disputed facts, and conditions that would change the recommendation. Use in forecasts, valuations, scenarios, due diligence, strategic plans, and incomplete-information decisions.",BPI/DAM/DIM/DDMF,high,Analysis owner,,"Registers assumptions, confidence, data gaps, sensitivities, disputed facts, and conditions that would change the recommendation. Use in forecasts, valuations, scenarios, due diligence, strategic plans, and incomplete-information decisions."
02-orchestration,tension-resolution-engine,"Frames and tests Danantara's core tensions: commercial return versus national mandate, independence versus direction, long-term value versus short-term intervention, transformation capital versus bailout, and transparency versus confidentiality. Use when objectives conflict.",BPI/DAM/DIM/DDMF,critical,Mandated decision authority,,"Frames and tests Danantara's core tensions: commercial return versus national mandate, independence versus direction, long-term value versus short-term intervention, transformation capital versus bailout, and transparency versus confidentiality."
02-orchestration,output-assembly-orchestrator,"Integrates specialist outputs into one decision-ready product with recommendation, alternatives, evidence, risks, dissent, approvals, and next actions. Use after multi-skill analysis or parallel workstreams.",BPI/DAM/DIM/DDMF,high,Document owner,,"Integrates specialist outputs into one decision-ready product with recommendation, alternatives, evidence, risks, dissent, approvals, and next actions. Use after multi-skill analysis or parallel workstreams."
02-orchestration,workflow-state-manager,"Tracks workflow stage, completed evidence, open issues, dependencies, decisions, approvals, deadlines, and handoffs. Use for long-running investments, transformations, restructurings, projects, and recurring portfolio reviews.",BPI/DAM/DIM/DDMF,medium,Program owner,,"Tracks workflow stage, completed evidence, open issues, dependencies, decisions, approvals, deadlines, and handoffs. Use for long-running investments, transformations, restructurings, projects, and recurring portfolio reviews."
02-orchestration,escalation-and-exception-router,"Escalates unresolved conflicts, missing authority, inadequate evidence, policy exceptions, critical risks, ethical concerns, or prohibited actions to the correct human body. Use whenever standard workflow cannot safely continue.",BPI/DAM/DIM/DDMF,critical,Designated escalation authority,,"Escalates unresolved conflicts, missing authority, inadequate evidence, policy exceptions, critical risks, ethical concerns, or prohibited actions to the correct human body."
03-knowledge-data,policy-knowledge-curator,"Curates approved policies, manuals, delegations, standards, templates, effective dates, superseded versions, and owners into a controlled knowledge base. Use when building or updating authoritative Danantara policy context.",BPI,high,Policy owner,,"Curates approved policies, manuals, delegations, standards, templates, effective dates, superseded versions, and owners into a controlled knowledge base."
03-knowledge-data,legal-regulatory-monitor,"Monitors applicable laws, regulations, decisions, standards, and official guidance; maps changes to affected entities, processes, documents, and controls. Use for regulatory horizon scanning and change-impact assessment.",BPI/DAM/DIM/DDMF,high,Legal owner,,"Monitors applicable laws, regulations, decisions, standards, and official guidance; maps changes to affected entities, processes, documents, and controls. Use for regulatory horizon scanning and change-impact assessment."
03-knowledge-data,portfolio-knowledge-graph,"Builds and queries relationships among entities, assets, ownership, boards, contracts, lenders, projects, risks, KPIs, transactions, and stakeholders. Use when analysis depends on cross-portfolio context or hidden dependencies.",BPI/DAM/DIM/DDMF,high,Data owner,,"Builds and queries relationships among entities, assets, ownership, boards, contracts, lenders, projects, risks, KPIs, transactions, and stakeholders."
03-knowledge-data,decision-precedent-retriever,"Retrieves comparable prior decisions, their rationale, assumptions, approvals, outcomes, and lessons without treating precedent as automatic authority. Use for board, investment, restructuring, policy, and exception decisions.",BPI/DAM/DIM/DDMF,medium,Decision owner,,"Retrieves comparable prior decisions, their rationale, assumptions, approvals, outcomes, and lessons without treating precedent as automatic authority. Use for board, investment, restructuring, policy, and exception decisions."
03-knowledge-data,benchmark-intelligence-manager,"Selects relevant global, regional, sector, sovereign-fund, and peer-company benchmarks; normalizes definitions and explains comparability limits. Use for performance targets, valuation, operating models, governance, and transformation ambition.",BPI/DAM/DIM/DDMF,medium,Analysis owner,,"Selects relevant global, regional, sector, sovereign-fund, and peer-company benchmarks; normalizes definitions and explains comparability limits. Use for performance targets, valuation, operating models, governance, and transformation ambition."
03-knowledge-data,data-quality-and-lineage-checker,"Tests completeness, accuracy, consistency, timeliness, ownership, reconciliation, transformations, and source lineage of decision data. Use before models, dashboards, consolidated reporting, valuations, and material recommendations.",BPI/DAM/DIM/DDMF,high,Data owner,,"Tests completeness, accuracy, consistency, timeliness, ownership, reconciliation, transformations, and source lineage of decision data. Use before models, dashboards, consolidated reporting, valuations, and material recommendations."
03-knowledge-data,document-evidence-extractor,"Extracts structured facts, obligations, assumptions, dates, financial terms, approvals, risks, and citations from documents while preserving page-level traceability. Use for contracts, board papers, reports, policies, studies, and data rooms.",BPI/DAM/DIM/DDMF,medium,Document owner,,"Extracts structured facts, obligations, assumptions, dates, financial terms, approvals, risks, and citations from documents while preserving page-level traceability. Use for contracts, board papers, reports, policies, studies, and data rooms."
03-knowledge-data,institutional-memory-capture,"Converts completed decisions, projects, negotiations, transformations, and incidents into reusable lessons, patterns, controls, and precedents. Use at milestones, post-mortems, leadership transitions, and workflow closure.",BPI/DAM/DIM/DDMF,medium,Knowledge owner,,"Converts completed decisions, projects, negotiations, transformations, and incidents into reusable lessons, patterns, controls, and precedents. Use at milestones, post-mortems, leadership transitions, and workflow closure."
04-bpi-control-tower,national-priority-alignment,"Maps proposals to formal national priorities, economic-transformation objectives, measurable outcomes, and responsible institutions. Use when a project or investment claims strategic-national relevance.",BPI,high,Strategy authority,,"Maps proposals to formal national priorities, economic-transformation objectives, measurable outcomes, and responsible institutions."
04-bpi-control-tower,strategic-national-interest-test,"Tests whether an action materially advances resilience, sovereignty, industrial capability, productivity, competitiveness, or long-term national value beyond ordinary commercial activity. Use for strategic designations and exceptional support.",BPI,critical,Mandated strategic authority,,"Tests whether an action materially advances resilience, sovereignty, industrial capability, productivity, competitiveness, or long-term national value beyond ordinary commercial activity. Use for strategic designations and exceptional support."
04-bpi-control-tower,enterprise-portfolio-synthesizer,"Produces a consolidated view of value, performance, risk, capital, impact, transformation, and concentration across the Danantara ecosystem. Use for enterprise reviews, supervisory reporting, and strategic capital allocation.",BPI,high,Executive/supervisory owner,,"Produces a consolidated view of value, performance, risk, capital, impact, transformation, and concentration across the Danantara ecosystem. Use for enterprise reviews, supervisory reporting, and strategic capital allocation."
04-bpi-control-tower,dam-dim-ddmf-boundary-router,"Determines whether an opportunity belongs primarily to active BUMN ownership, commercial investment, development finance, or coordinated treatment. Use when mandate overlap or funding-vehicle ambiguity exists.",BPI,critical,BPI authority,,"Determines whether an opportunity belongs primarily to active BUMN ownership, commercial investment, development finance, or coordinated treatment."
04-bpi-control-tower,cross-portfolio-synergy-finder,"Identifies measurable revenue, cost, capital, capability, technology, supply-chain, market-access, and risk synergies across portfolio entities. Use when evaluating collaboration, shared services, consolidation, or ecosystem strategies.",BPI/DAM,high,Portfolio owner,,"Identifies measurable revenue, cost, capital, capability, technology, supply-chain, market-access, and risk synergies across portfolio entities."
04-bpi-control-tower,transformation-agenda-orchestrator,"Coordinates enterprise-wide transformation themes, target architecture, waves, accountable owners, dependencies, benefits, and intervention thresholds. Use for multi-BUMN or cross-holding transformation programs.",BPI/DAM,high,Transformation sponsor,,"Coordinates enterprise-wide transformation themes, target architecture, waves, accountable owners, dependencies, benefits, and intervention thresholds. Use for multi-BUMN or cross-holding transformation programs."
04-bpi-control-tower,national-resilience-assessor,"Assesses exposure and response options for disruptions affecting energy, food, health, finance, digital systems, critical minerals, infrastructure, and strategic supply chains. Use for resilience investments and contingency decisions.",BPI/DIM/DDMF,high,Resilience owner,,"Assesses exposure and response options for disruptions affecting energy, food, health, finance, digital systems, critical minerals, infrastructure, and strategic supply chains. Use for resilience investments and contingency decisions."
04-bpi-control-tower,institutional-trust-monitor,"Evaluates how decisions, disclosures, governance, execution, and exceptions affect credibility, cost of capital, partner confidence, employee confidence, and public legitimacy. Use for sensitive or precedent-setting actions.",BPI,high,Executive/governance owner,,"Evaluates how decisions, disclosures, governance, execution, and exceptions affect credibility, cost of capital, partner confidence, employee confidence, and public legitimacy. Use for sensitive or precedent-setting actions."
04-bpi-control-tower,executive-board-brief-builder,"Builds concise decision briefs with issue, recommendation, alternatives, evidence, scenarios, risks, dissent, decision rights, approvals, and action tracking. Use for executive, supervisory, board, or committee meetings.",BPI/DAM/DIM/DDMF,high,Meeting owner,,"Builds concise decision briefs with issue, recommendation, alternatives, evidence, scenarios, risks, dissent, decision rights, approvals, and action tracking. Use for executive, supervisory, board, or committee meetings."
04-bpi-control-tower,public-accountability-packager,"Translates material performance, investments, transformations, risks, and impact into transparent, consistent, auditable public-accountability materials without exposing protected information. Use for reports, hearings, and public communications.",BPI,high,Disclosure owner,,"Translates material performance, investments, transformations, risks, and impact into transparent, consistent, auditable public-accountability materials without exposing protected information. Use for reports, hearings, and public communications."
05-dam-active-ownership,bumn-portfolio-segmenter,"Segments BUMN and assets by strategic role, economics, competitiveness, maturity, risk, ownership intent, and intervention need. Use to determine retain, transform, consolidate, partner, divest, liquidate, or monitor pathways.",DAM,high,DAM portfolio authority,,"Segments BUMN and assets by strategic role, economics, competitiveness, maturity, risk, ownership intent, and intervention need. Use to determine retain, transform, consolidate, partner, divest, liquidate, or monitor pathways."
05-dam-active-ownership,corporate-parenting-advantage,"Tests whether Danantara can create more value through governance, capital, talent, market access, technology, risk management, or synergy than an entity could create independently. Use before ownership interventions or retention decisions.",DAM,high,DAM portfolio authority,,"Tests whether Danantara can create more value through governance, capital, talent, market access, technology, risk management, or synergy than an entity could create independently. Use before ownership interventions or retention decisions."
05-dam-active-ownership,value-creation-plan-builder,"Builds quantified value-creation plans linking baseline, levers, initiatives, owners, investment, milestones, KPIs, cash impact, risks, and exit criteria. Use after portfolio diagnosis or before approving transformation capital.",DAM,critical,DAM investment/portfolio committee,,"Builds quantified value-creation plans linking baseline, levers, initiatives, owners, investment, milestones, KPIs, cash impact, risks, and exit criteria. Use after portfolio diagnosis or before approving transformation capital."
05-dam-active-ownership,operational-excellence-diagnostic,"Diagnoses reliability, productivity, cost, quality, service, asset utilization, process waste, maintenance, supply chain, and execution discipline against relevant benchmarks. Use for performance improvement and turnaround design.",DAM,high,Portfolio company and DAM owner,,"Diagnoses reliability, productivity, cost, quality, service, asset utilization, process waste, maintenance, supply chain, and execution discipline against relevant benchmarks. Use for performance improvement and turnaround design."
05-dam-active-ownership,financial-performance-diagnostic,"Analyzes earnings quality, cash conversion, balance sheet, liquidity, leverage, returns, capital intensity, dividend capacity, and value leakage. Use for portfolio reviews, interventions, restructuring, and capital decisions.",DAM,high,Finance and portfolio owner,,"Analyzes earnings quality, cash conversion, balance sheet, liquidity, leverage, returns, capital intensity, dividend capacity, and value leakage. Use for portfolio reviews, interventions, restructuring, and capital decisions."
05-dam-active-ownership,capital-allocation-reviewer,"Reviews capex, opex, dividends, acquisitions, funding, and portfolio capital against strategy, hurdle rates, risk-adjusted return, alternatives, and opportunity cost. Use before approving material resource allocation.",DAM,critical,Authorized capital committee,,"Reviews capex, opex, dividends, acquisitions, funding, and portfolio capital against strategy, hurdle rates, risk-adjusted return, alternatives, and opportunity cost. Use before approving material resource allocation."
05-dam-active-ownership,portfolio-rationalization-analyzer,"Evaluates whether entities, subsidiaries, assets, and business lines should remain standalone, merge, consolidate, divest, liquidate, or form partnerships. Use when structure no longer matches economic or strategic logic.",DAM,critical,DAM and competent corporate bodies,,"Evaluates whether entities, subsidiaries, assets, and business lines should remain standalone, merge, consolidate, divest, liquidate, or form partnerships."
05-dam-active-ownership,merger-consolidation-case,"Builds the economic, strategic, governance, competition, operational, people, technology, and execution case for merger or consolidation. Use only when measurable parenting and synergy advantages exceed integration costs and risks.",DAM,critical,Competent corporate and regulatory authorities,,"Builds the economic, strategic, governance, competition, operational, people, technology, and execution case for merger or consolidation. Use only when measurable parenting and synergy advantages exceed integration costs and risks."
05-dam-active-ownership,divestment-exit-readiness,"Assesses strategic rationale, value, marketability, legal readiness, stakeholder impact, separation complexity, data-room readiness, and timing for divestment or exit. Use for non-core assets and rational ownership decisions.",DAM,critical,Authorized divestment authority,,"Assesses strategic rationale, value, marketability, legal readiness, stakeholder impact, separation complexity, data-room readiness, and timing for divestment or exit. Use for non-core assets and rational ownership decisions."
05-dam-active-ownership,turnaround-triage,"Distinguishes temporary liquidity stress, operational underperformance, balance-sheet distress, governance failure, and structurally broken business models. Use at the first sign of material deterioration or support requests.",DAM,critical,DAM turnaround authority,,"Distinguishes temporary liquidity stress, operational underperformance, balance-sheet distress, governance failure, and structurally broken business models. Use at the first sign of material deterioration or support requests."
05-dam-active-ownership,restructuring-options-designer,"Designs integrated strategic, operational, financial, organizational, governance, leadership, and portfolio restructuring options with scenarios and consequences. Use after turnaround diagnosis and before committing support.",DAM,critical,Authorized restructuring authority,,"Designs integrated strategic, operational, financial, organizational, governance, leadership, and portfolio restructuring options with scenarios and consequences. Use after turnaround diagnosis and before committing support."
05-dam-active-ownership,conditional-capital-designer,"Structures transformation capital with milestones, covenants, management accountability, drawdown gates, monitoring, consequences, and exit criteria. Use to prevent moral hazard and distinguish investable turnaround from bailout.",DAM,critical,Authorized capital and risk authorities,,"Structures transformation capital with milestones, covenants, management accountability, drawdown gates, monitoring, consequences, and exit criteria. Use to prevent moral hazard and distinguish investable turnaround from bailout."
05-dam-active-ownership,management-accountability-contract,"Translates transformation commitments into measurable management outcomes, decision rights, resources, milestones, incentives, consequences, and reporting. Use when leadership is accountable for turnaround or value creation.",DAM,high,Board/shareholder authority,,"Translates transformation commitments into measurable management outcomes, decision rights, resources, milestones, incentives, consequences, and reporting."
05-dam-active-ownership,ceo-transformation-challenger,"Challenges whether a CEO has an evidence-based diagnosis, credible destination, coherent transformation roadmap, capable team, resource plan, milestones, and accountability. Use for appointments, reviews, and major transformation programs.",DAM,high,Board/shareholder authority,,"Challenges whether a CEO has an evidence-based diagnosis, credible destination, coherent transformation roadmap, capable team, resource plan, milestones, and accountability. Use for appointments, reviews, and major transformation programs."
05-dam-active-ownership,talent-meritocracy-assessor,"Assesses whether critical roles are filled by people with the competence, integrity, track record, leadership capacity, and mission fit required for the problem. Use for board, executive, transformation, and succession decisions.",DAM/BPI,critical,Authorized nomination body,,"Assesses whether critical roles are filled by people with the competence, integrity, track record, leadership capacity, and mission fit required for the problem. Use for board, executive, transformation, and succession decisions."
05-dam-active-ownership,enterprise-digital-synergy,"Identifies duplicated applications, data, vendors, capabilities, and platforms; defines what should be shared, standardized, interoperable, federated, or retired. Use for cross-BUMN digital strategy and investment review.",DAM/BPI,high,Enterprise architecture authority,,"Identifies duplicated applications, data, vendors, capabilities, and platforms; defines what should be shared, standardized, interoperable, federated, or retired. Use for cross-BUMN digital strategy and investment review."
05-dam-active-ownership,shared-platform-architect,"Designs reusable enterprise capabilities, data products, integration standards, identity, cybersecurity, cloud, AI, and operating models across portfolio companies. Use when common platforms can outperform fragmented applications.",DAM/BPI,high,Technology and data authority,,"Designs reusable enterprise capabilities, data products, integration standards, identity, cybersecurity, cloud, AI, and operating models across portfolio companies."
05-dam-active-ownership,post-merger-integration-planner,"Plans value capture, Day-1 continuity, governance, organization, talent, culture, processes, systems, data, controls, brand, and stakeholder integration after corporate consolidation. Use before closing and through stabilization.",DAM,high,Integration sponsor,,"Plans value capture, Day-1 continuity, governance, organization, talent, culture, processes, systems, data, controls, brand, and stakeholder integration after corporate consolidation. Use before closing and through stabilization."
06-dim-investment-management,investment-mandate-interpreter,"Translates DIM's mandate into eligible assets, return objectives, risk appetite, impact expectations, geography, liquidity, horizon, concentration, exclusions, and approval requirements. Use before screening or designing an investment strategy.",DIM,critical,DIM mandate authority,,"Translates DIM's mandate into eligible assets, return objectives, risk appetite, impact expectations, geography, liquidity, horizon, concentration, exclusions, and approval requirements. Use before screening or designing an investment strategy."
06-dim-investment-management,investment-theme-generator,"Develops evidence-based investment themes from national priorities, structural trends, market gaps, capabilities, resilience needs, and risk-adjusted opportunity. Use for strategy refresh, origination, and sector allocation.",DIM,high,DIM strategy authority,,"Develops evidence-based investment themes from national priorities, structural trends, market gaps, capabilities, resilience needs, and risk-adjusted opportunity. Use for strategy refresh, origination, and sector allocation."
06-dim-investment-management,opportunity-screening,"Screens opportunities for mandate fit, strategic relevance, commercial logic, readiness, sponsor quality, preliminary risk-return, additionality, impact, and fatal flaws. Use before allocating due-diligence resources.",DIM,high,DIM screening authority,,"Screens opportunities for mandate fit, strategic relevance, commercial logic, readiness, sponsor quality, preliminary risk-return, additionality, impact, and fatal flaws. Use before allocating due-diligence resources."
06-dim-investment-management,investment-thesis-builder,"Builds a falsifiable investment thesis covering value drivers, variant perception, competitive advantage, catalysts, downside, national consequence, entry valuation, ownership plan, and exit logic. Use for shortlisted opportunities.",DIM,critical,Investment team and committee,,"Builds a falsifiable investment thesis covering value drivers, variant perception, competitive advantage, catalysts, downside, national consequence, entry valuation, ownership plan, and exit logic. Use for shortlisted opportunities."
06-dim-investment-management,commercial-due-diligence,"Tests market size, demand, customers, competition, pricing, business model, unit economics, growth, and commercial assumptions using independent evidence. Use before material investment decisions.",DIM,critical,Investment committee,,"Tests market size, demand, customers, competition, pricing, business model, unit economics, growth, and commercial assumptions using independent evidence. Use before material investment decisions."
06-dim-investment-management,financial-due-diligence,"Tests earnings quality, cash flow, debt, working capital, accounting, tax exposure, forecasts, contingent liabilities, and funding needs. Use before investments, acquisitions, restructurings, and valuation reliance.",DIM,critical,Investment committee,,"Tests earnings quality, cash flow, debt, working capital, accounting, tax exposure, forecasts, contingent liabilities, and funding needs. Use before investments, acquisitions, restructurings, and valuation reliance."
06-dim-investment-management,legal-tax-due-diligence,"Reviews ownership, authority, licenses, contracts, litigation, compliance, land, tax, sanctions, change-of-control, and transaction enforceability. Use before commitments, signing, closing, or material restructuring.",DIM,critical,Legal/tax and investment authority,,"Reviews ownership, authority, licenses, contracts, litigation, compliance, land, tax, sanctions, change-of-control, and transaction enforceability. Use before commitments, signing, closing, or material restructuring."
06-dim-investment-management,technical-operational-due-diligence,"Tests technology, design, capacity, reliability, resources, operations, supply chain, capex, schedule, standards, and execution readiness. Use for infrastructure, industrial, energy, digital, and technology investments.",DIM/DDMF,critical,Technical and investment authority,,"Tests technology, design, capacity, reliability, resources, operations, supply chain, capex, schedule, standards, and execution readiness. Use for infrastructure, industrial, energy, digital, and technology investments."
06-dim-investment-management,esg-impact-due-diligence,"Assesses environmental, social, governance, climate, community, labor, human-rights, transition, and measurable development impacts. Use before investment approval and throughout ownership.",DIM/DDMF,critical,ESG and investment authority,,"Assesses environmental, social, governance, climate, community, labor, human-rights, transition, and measurable development impacts. Use before investment approval and throughout ownership."
06-dim-investment-management,integrity-counterparty-due-diligence,"Assesses beneficial ownership, reputation, sanctions, politically exposed persons, corruption risk, litigation, governance, financial credibility, and conduct history. Use for sponsors, sellers, partners, co-investors, advisers, and key contractors.",DIM/DDMF,critical,Compliance and investment authority,,"Assesses beneficial ownership, reputation, sanctions, politically exposed persons, corruption risk, litigation, governance, financial credibility, and conduct history. Use for sponsors, sellers, partners, co-investors, advisers, and key contractors."
06-dim-investment-management,valuation-orchestrator,"Selects and reconciles DCF, comparables, transactions, asset value, project finance, option value, and scenario methods; documents assumptions and valuation range. Use when estimating intrinsic value or negotiating price.",DIM/DAM,critical,Investment or transaction authority,,"Selects and reconciles DCF, comparables, transactions, asset value, project finance, option value, and scenario methods; documents assumptions and valuation range."
06-dim-investment-management,dcf-model-challenger,"Challenges cash-flow logic, forecast drivers, terminal value, discount rate, inflation, currency, tax, capex, working capital, scenarios, and model integrity. Use before relying on a DCF for valuation or capital allocation.",DIM/DAM/DDMF,critical,Independent model reviewer,,"Challenges cash-flow logic, forecast drivers, terminal value, discount rate, inflation, currency, tax, capex, working capital, scenarios, and model integrity. Use before relying on a DCF for valuation or capital allocation."
06-dim-investment-management,comparable-transactions-analyzer,"Selects, normalizes, and interprets comparable companies and precedent transactions, including business-model, growth, risk, geography, control, cycle, and accounting differences. Use to triangulate valuation and market expectations.",DIM/DAM,high,Valuation owner,,"Selects, normalizes, and interprets comparable companies and precedent transactions, including business-model, growth, risk, geography, control, cycle, and accounting differences. Use to triangulate valuation and market expectations."
06-dim-investment-management,risk-adjusted-return-analyzer,"Measures expected return relative to market, credit, liquidity, operational, execution, political, currency, climate, and downside risk against appropriate benchmarks. Use for investment comparison and portfolio allocation.",DIM,critical,Investment committee,,"Measures expected return relative to market, credit, liquidity, operational, execution, political, currency, climate, and downside risk against appropriate benchmarks. Use for investment comparison and portfolio allocation."
06-dim-investment-management,portfolio-diversification-analyzer,"Assesses concentration and diversification across asset class, sector, geography, currency, counterparty, factor, liquidity, duration, and national exposure. Use before new allocations and during portfolio rebalancing.",DIM,critical,Portfolio committee,,"Assesses concentration and diversification across asset class, sector, geography, currency, counterparty, factor, liquidity, duration, and national exposure. Use before new allocations and during portfolio rebalancing."
06-dim-investment-management,concentration-and-liquidity-risk,"Quantifies single-name, sector, correlated, currency, funding, exit, and cash-call risks under normal and stressed conditions. Use for portfolio construction, commitment pacing, and risk-limit decisions.",DIM,critical,Portfolio risk authority,,"Quantifies single-name, sector, correlated, currency, funding, exit, and cash-call risks under normal and stressed conditions. Use for portfolio construction, commitment pacing, and risk-limit decisions."
06-dim-investment-management,deal-structuring-optimizer,"Designs equity, debt, hybrid, governance, downside protection, control, covenant, distribution, tax, currency, and exit terms aligned with risk allocation and objectives. Use after diligence and before term-sheet approval.",DIM/DDMF,critical,Investment committee and legal,,"Designs equity, debt, hybrid, governance, downside protection, control, covenant, distribution, tax, currency, and exit terms aligned with risk allocation and objectives. Use after diligence and before term-sheet approval."
06-dim-investment-management,co-investment-crowding-in,"Designs co-investment strategy, partner roles, governance, economics, syndication, knowledge transfer, and capital-mobilization metrics. Use when Danantara acts as anchor, catalyst, or strategic partner.",DIM/DDMF,high,Investment authority,,"Designs co-investment strategy, partner roles, governance, economics, syndication, knowledge transfer, and capital-mobilization metrics."
06-dim-investment-management,investment-committee-memo,"Produces a decision-ready investment memorandum covering mandate fit, thesis, diligence, valuation, structure, risks, impact, alternatives, dissent, approvals, conditions, and monitoring. Use for formal investment committee submissions.",DIM,critical,Investment committee,,"Produces a decision-ready investment memorandum covering mandate fit, thesis, diligence, valuation, structure, risks, impact, alternatives, dissent, approvals, conditions, and monitoring. Use for formal investment committee submissions."
06-dim-investment-management,investment-thesis-red-team,"Independently attempts to disprove the investment thesis, identify hidden assumptions, construct downside cases, and expose governance, valuation, execution, impact, or exit weaknesses. Use before investment committee decisions.",DIM,critical,Independent challenge function,,"Independently attempts to disprove the investment thesis, identify hidden assumptions, construct downside cases, and expose governance, valuation, execution, impact, or exit weaknesses. Use before investment committee decisions."
06-dim-investment-management,conditions-precedent-tracker,"Defines, assigns, evidences, and tracks legal, financial, technical, regulatory, governance, ESG, funding, and operational conditions before signing, closing, disbursement, or subsequent drawdown. Use after conditional approval.",DIM/DDMF,high,Transaction owner,,"Defines, assigns, evidences, and tracks legal, financial, technical, regulatory, governance, ESG, funding, and operational conditions before signing, closing, disbursement, or subsequent drawdown. Use after conditional approval."
06-dim-investment-management,post-investment-monitor,"Monitors thesis, value-creation plan, financial and operational KPIs, covenants, risk, impact, governance, liquidity, valuation, and intervention triggers. Use throughout the ownership period.",DIM,critical,Portfolio management authority,,"Monitors thesis, value-creation plan, financial and operational KPIs, covenants, risk, impact, governance, liquidity, valuation, and intervention triggers. Use throughout the ownership period."
06-dim-investment-management,exit-strategy-analyzer,"Evaluates strategic sale, IPO, secondary, refinancing, dividend recapitalization, asset sale, wind-down, or continued ownership using value, timing, readiness, impact, and market scenarios. Use from entry planning through exit decision.",DIM/DAM,critical,Authorized exit authority,,"Evaluates strategic sale, IPO, secondary, refinancing, dividend recapitalization, asset sale, wind-down, or continued ownership using value, timing, readiness, impact, and market scenarios. Use from entry planning through exit decision."
07-ddmf-development-finance,development-impact-assessor,"Defines and measures economic, social, resilience, employment, domestic-value, capability, sovereignty, regional, and environmental outcomes with attribution and baselines. Use for development investments and public-infrastructure decisions.",DDMF,critical,DDMF investment authority,,"Defines and measures economic, social, resilience, employment, domestic-value, capability, sovereignty, regional, and environmental outcomes with attribution and baselines. Use for development investments and public-infrastructure decisions."
07-ddmf-development-finance,project-readiness-gate,"Tests technical, legal, land, permitting, demand, commercial, environmental, social, institutional, procurement, funding, and stakeholder readiness using stage gates. Use before project preparation advances to investment.",DDMF,critical,Project gate authority,,"Tests technical, legal, land, permitting, demand, commercial, environmental, social, institutional, procurement, funding, and stakeholder readiness using stage gates. Use before project preparation advances to investment."
07-ddmf-development-finance,bankability-gap-analyzer,"Identifies why a project cannot yet attract finance, including weak cash flow, demand, contracts, risk allocation, sponsor, permits, tariffs, guarantees, or execution capacity. Use to define project-preparation interventions.",DDMF,critical,DDMF project/investment authority,,"Identifies why a project cannot yet attract finance, including weak cash flow, demand, contracts, risk allocation, sponsor, permits, tariffs, guarantees, or execution capacity. Use to define project-preparation interventions."
07-ddmf-development-finance,additionality-assessor,"Tests whether Danantara participation creates outcomes, scale, speed, quality, risk reduction, capability, or capital mobilization that the market would not deliver alone. Use before catalytic or concessional intervention.",DDMF/DIM,critical,Investment authority,,"Tests whether Danantara participation creates outcomes, scale, speed, quality, risk reduction, capability, or capital mobilization that the market would not deliver alone. Use before catalytic or concessional intervention."
07-ddmf-development-finance,project-finance-structurer,"Structures project cash flows, contracts, debt capacity, coverage ratios, reserves, security, covenants, risk allocation, and financing plan. Use for infrastructure and ring-fenced project investments.",DDMF/DIM,critical,"Investment, finance, and legal authorities",,"Structures project cash flows, contracts, debt capacity, coverage ratios, reserves, security, covenants, risk allocation, and financing plan. Use for infrastructure and ring-fenced project investments."
07-ddmf-development-finance,blended-finance-designer,"Combines commercial, public, development, concessional, guarantee, grant, and technical-assistance instruments while preserving additionality and avoiding hidden subsidy. Use when risk-return gaps block high-impact projects.",DDMF,critical,DDMF investment authority,,"Combines commercial, public, development, concessional, guarantee, grant, and technical-assistance instruments while preserving additionality and avoiding hidden subsidy."
07-ddmf-development-finance,ppp-risk-allocation,"Allocates construction, demand, tariff, land, regulatory, political, force-majeure, operating, financing, and residual-value risks to parties best able to manage them. Use for public-private partnership design and review.",DDMF,critical,PPP contracting authority,,"Allocates construction, demand, tariff, land, regulatory, political, force-majeure, operating, financing, and residual-value risks to parties best able to manage them. Use for public-private partnership design and review."
07-ddmf-development-finance,viability-gap-support-assessor,"Tests whether viability-gap support is necessary, proportionate, transparent, time-bound, competitively allocated, and linked to measurable public outcomes. Use when commercially weak but socially valuable projects seek support.",DDMF,critical,Public funding authority,,"Tests whether viability-gap support is necessary, proportionate, transparent, time-bound, competitively allocated, and linked to measurable public outcomes."
07-ddmf-development-finance,catalytic-capital-optimizer,"Determines the minimum, best-structured Danantara capital needed to unlock maximum external capital, capability, and development outcome. Use for anchor investments, first-loss layers, guarantees, and project-development facilities.",DDMF,critical,DDMF investment authority,,"Determines the minimum, best-structured Danantara capital needed to unlock maximum external capital, capability, and development outcome. Use for anchor investments, first-loss layers, guarantees, and project-development facilities."
07-ddmf-development-finance,multilateral-partner-matcher,"Matches projects with suitable multilateral, bilateral, development-finance, export-credit, philanthropic, and institutional partners based on instruments, mandate, geography, sector, standards, and knowledge contribution.",DDMF,high,Partnership authority,,"Matches projects with suitable multilateral, bilateral, development-finance, export-credit, philanthropic, and institutional partners based on instruments, mandate, geography, sector, standards, and knowledge contribution."
07-ddmf-development-finance,public-service-obligation-analyzer,"Separates commercial activities from public-service obligations, quantifies costs and outcomes, defines compensation mechanisms, and prevents cross-subsidy opacity. Use for infrastructure and essential-service projects.",DDMF/BPI,critical,Mandated public authority,,"Separates commercial activities from public-service obligations, quantifies costs and outcomes, defines compensation mechanisms, and prevents cross-subsidy opacity. Use for infrastructure and essential-service projects."
07-ddmf-development-finance,socioeconomic-multiplier-modeler,"Models direct, indirect, induced, regional, employment, productivity, tax, import, domestic-value, and distributional effects with transparent assumptions. Use to compare development pathways and validate claimed national impact.",DDMF/BPI,high,Impact and economic authority,,"Models direct, indirect, induced, regional, employment, productivity, tax, import, domestic-value, and distributional effects with transparent assumptions. Use to compare development pathways and validate claimed national impact."
07-ddmf-development-finance,project-delivery-monitor,"Monitors scope, schedule, cost, quality, permits, land, procurement, financing, contractors, safeguards, benefits, and critical-path risks. Use from development through commissioning and stabilization.",DDMF,high,Project sponsor,,"Monitors scope, schedule, cost, quality, permits, land, procurement, financing, contractors, safeguards, benefits, and critical-path risks. Use from development through commissioning and stabilization."
07-ddmf-development-finance,development-outcome-monitor,"Tracks whether funded projects deliver agreed return, service, resilience, employment, capability, inclusion, environmental, and capital-mobilization outcomes. Use after financial close and throughout operations.",DDMF,high,DDMF impact owner,,"Tracks whether funded projects deliver agreed return, service, resilience, employment, capability, inclusion, environmental, and capital-mobilization outcomes. Use after financial close and throughout operations."
08-cross-functional,enterprise-risk-aggregator,"Aggregates financial, investment, operational, strategic, legal, technology, ESG, reputation, concentration, and systemic risks across entities while preventing double counting. Use for enterprise risk reviews and escalation.",BPI/DAM/DIM/DDMF,critical,Enterprise risk authority,,"Aggregates financial, investment, operational, strategic, legal, technology, ESG, reputation, concentration, and systemic risks across entities while preventing double counting. Use for enterprise risk reviews and escalation."
08-cross-functional,scenario-stress-testing,"Designs coherent base, upside, downside, severe, and reverse-stress scenarios; quantifies impacts, breakpoints, management actions, and residual risk. Use for investments, portfolios, transformations, liquidity, and resilience decisions.",BPI/DAM/DIM/DDMF,high,Risk and decision owner,,"Designs coherent base, upside, downside, severe, and reverse-stress scenarios; quantifies impacts, breakpoints, management actions, and residual risk. Use for investments, portfolios, transformations, liquidity, and resilience decisions."
08-cross-functional,financial-model-validator,"Independently checks formulas, logic, inputs, circularity, units, scenarios, accounting consistency, outputs, controls, and documentation of financial models. Use before material reliance or approval.",DAM/DIM/DDMF,critical,Independent model validation,,"Independently checks formulas, logic, inputs, circularity, units, scenarios, accounting consistency, outputs, controls, and documentation of financial models. Use before material reliance or approval."
08-cross-functional,legal-sufficiency-checker,"Tests whether a proposal has adequate legal basis, authority, approvals, enforceability, documentation, rights, remedies, and compliance while distinguishing legal permissibility from strategic wisdom. Use before binding action.",BPI/DAM/DIM/DDMF,critical,Legal authority,,"Tests whether a proposal has adequate legal basis, authority, approvals, enforceability, documentation, rights, remedies, and compliance while distinguishing legal permissibility from strategic wisdom. Use before binding action."
08-cross-functional,governance-board-paper-reviewer,"Reviews board and committee papers for decision clarity, authority, evidence, alternatives, risks, conflicts, dissent, financial impact, conditions, and auditability. Use before circulation or meeting submission.",BPI/DAM/DIM/DDMF,high,Company secretary/governance owner,,"Reviews board and committee papers for decision clarity, authority, evidence, alternatives, risks, conflicts, dissent, financial impact, conditions, and auditability. Use before circulation or meeting submission."
08-cross-functional,procurement-commercial-strategy,"Designs sourcing, packaging, competition, evaluation, contracting, incentives, risk allocation, local capability, lifecycle cost, and supplier governance. Use for strategic procurement and major project contracting.",BPI/DAM/DIM/DDMF,high,Procurement authority,,"Designs sourcing, packaging, competition, evaluation, contracting, incentives, risk allocation, local capability, lifecycle cost, and supplier governance. Use for strategic procurement and major project contracting."
08-cross-functional,cybersecurity-by-design,"Defines security architecture, threat model, identity, access, encryption, monitoring, resilience, supply-chain security, incident response, and assurance from project inception. Use for digital platforms, AI, data, and critical infrastructure.",BPI/DAM/DIM/DDMF,critical,CISO/security authority,,"Defines security architecture, threat model, identity, access, encryption, monitoring, resilience, supply-chain security, incident response, and assurance from project inception. Use for digital platforms, AI, data, and critical infrastructure."
08-cross-functional,data-sovereignty-assessor,"Determines which data, models, cloud layers, cryptographic control, operational access, and intellectual property require national or enterprise control. Use for digital infrastructure, AI, cloud, data-sharing, and foreign partnerships.",BPI/DAM/DIM/DDMF,critical,"Data, security, and strategic authority",,"Determines which data, models, cloud layers, cryptographic control, operational access, and intellectual property require national or enterprise control. Use for digital infrastructure, AI, cloud, data-sharing, and foreign partnerships."
08-cross-functional,technology-transfer-assessor,"Tests whether partnerships deliver enduring local know-how, IP access, engineering capability, supplier development, training, standards, and operating independence. Use for foreign investment, procurement, licensing, and joint ventures.",BPI/DAM/DIM/DDMF,high,Technology/industrial authority,,"Tests whether partnerships deliver enduring local know-how, IP access, engineering capability, supplier development, training, standards, and operating independence. Use for foreign investment, procurement, licensing, and joint ventures."
08-cross-functional,industrialization-hilirisasi-analyzer,"Assesses value-chain upgrading, domestic value added, technology depth, productivity, export competitiveness, resource security, ecosystem readiness, and environmental constraints. Use for industrialization and downstream-investment decisions.",BPI/DIM/DDMF,high,Industrial strategy authority,,"Assesses value-chain upgrading, domestic value added, technology depth, productivity, export competitiveness, resource security, ecosystem readiness, and environmental constraints. Use for industrialization and downstream-investment decisions."
08-cross-functional,selective-import-substitution-test,"Tests whether proposed import substitution is strategically critical, economically competitive, technologically feasible, time-bound, and superior to diversification or trade alternatives. Use before granting support or protection.",BPI/DIM/DDMF,critical,Strategic and investment authority,,"Tests whether proposed import substitution is strategically critical, economically competitive, technologically feasible, time-bound, and superior to diversification or trade alternatives. Use before granting support or protection."
08-cross-functional,national-champion-competitiveness,"Assesses whether scale, capabilities, economics, governance, innovation, and international market access can support global competitiveness without permanent protection. Use for consolidation, expansion, and national-champion strategies.",BPI/DAM/DIM,high,Strategy and portfolio authority,,"Assesses whether scale, capabilities, economics, governance, innovation, and international market access can support global competitiveness without permanent protection. Use for consolidation, expansion, and national-champion strategies."
08-cross-functional,job-quality-and-productivity-impact,"Measures direct and indirect jobs, wages, skills, formalization, safety, inclusion, productivity, durability, and displacement effects. Use when employment is a stated investment, transformation, or development outcome.",BPI/DAM/DIM/DDMF,high,Impact owner,,"Measures direct and indirect jobs, wages, skills, formalization, safety, inclusion, productivity, durability, and displacement effects."
08-cross-functional,stakeholder-communications-planner,"Maps stakeholders, interests, influence, concerns, disclosures, engagement sequence, messages, evidence, commitments, and escalation. Use for transactions, transformations, projects, incidents, partnerships, and public accountability.",BPI/DAM/DIM/DDMF,high,Communications and decision owner,,"Maps stakeholders, interests, influence, concerns, disclosures, engagement sequence, messages, evidence, commitments, and escalation. Use for transactions, transformations, projects, incidents, partnerships, and public accountability."
09-sector-overlays,energy-transition-sector-pack,"Provides sector-specific market, regulation, technology, grid, resource, contracting, financing, valuation, risk, ESG, and sovereignty analysis for renewable energy, storage, grids, and transition assets. Use with DAM, DIM, or DDMF workflows.",DAM/DIM/DDMF,high,Sector and decision owner,,"Provides sector-specific market, regulation, technology, grid, resource, contracting, financing, valuation, risk, ESG, and sovereignty analysis for renewable energy, storage, grids, and transition assets. Use with DAM, DIM, or DDMF workflows."
09-sector-overlays,upstream-energy-sector-pack,"Provides sector-specific subsurface, reserves, development, production, fiscal, commodity, decommissioning, emissions, partner, valuation, and geopolitical analysis for upstream energy. Use with DAM, DIM, or DDMF workflows.",DAM/DIM/DDMF,high,Sector and decision owner,,"Provides sector-specific subsurface, reserves, development, production, fiscal, commodity, decommissioning, emissions, partner, valuation, and geopolitical analysis for upstream energy. Use with DAM, DIM, or DDMF workflows."
09-sector-overlays,minerals-downstream-sector-pack,"Provides value-chain, resource, processing, technology, power, logistics, commodity, market, ESG, local-content, and competitiveness analysis for minerals and downstream industries. Use with DAM, DIM, or DDMF workflows.",DAM/DIM/DDMF,high,Sector and decision owner,,"Provides value-chain, resource, processing, technology, power, logistics, commodity, market, ESG, local-content, and competitiveness analysis for minerals and downstream industries. Use with DAM, DIM, or DDMF workflows."
09-sector-overlays,digital-infrastructure-sector-pack,"Provides market, demand, capacity, network, cloud, data-center, spectrum, cybersecurity, data-sovereignty, power, valuation, and technology analysis for digital infrastructure. Use with DAM, DIM, or DDMF workflows.",DAM/DIM/DDMF,high,Sector and decision owner,,"Provides market, demand, capacity, network, cloud, data-center, spectrum, cybersecurity, data-sovereignty, power, valuation, and technology analysis for digital infrastructure. Use with DAM, DIM, or DDMF workflows."
09-sector-overlays,infrastructure-utilities-sector-pack,"Provides demand, tariff, regulation, concession, service, asset-life, project-finance, resilience, procurement, and public-impact analysis for transport, water, waste, utilities, and critical infrastructure.",DAM/DIM/DDMF,high,Sector and decision owner,,"Provides demand, tariff, regulation, concession, service, asset-life, project-finance, resilience, procurement, and public-impact analysis for transport, water, waste, utilities, and critical infrastructure."
09-sector-overlays,financial-services-sector-pack,"Provides capital, liquidity, credit, market, insurance, payments, regulation, conduct, digital, inclusion, valuation, and systemic-risk analysis for financial-services assets and investments.",DAM/DIM,high,Sector and decision owner,,"Provides capital, liquidity, credit, market, insurance, payments, regulation, conduct, digital, inclusion, valuation, and systemic-risk analysis for financial-services assets and investments."
09-sector-overlays,food-agriculture-sector-pack,"Provides value-chain, yield, climate, input, logistics, storage, processing, trade, price, farmer, land, water, food-security, and technology analysis for food and agriculture investments.",DAM/DIM/DDMF,high,Sector and decision owner,,"Provides value-chain, yield, climate, input, logistics, storage, processing, trade, price, farmer, land, water, food-security, and technology analysis for food and agriculture investments."
09-sector-overlays,healthcare-sector-pack,"Provides demand, outcomes, capacity, reimbursement, regulation, quality, workforce, supply chain, technology, affordability, data, and public-health analysis for healthcare investments.",DAM/DIM/DDMF,high,Sector and decision owner,,"Provides demand, outcomes, capacity, reimbursement, regulation, quality, workforce, supply chain, technology, affordability, data, and public-health analysis for healthcare investments."
09-sector-overlays,real-estate-sez-sector-pack,"Provides land, planning, demand, absorption, infrastructure, tenant, anchor, financing, valuation, governance, environmental, and economic-cluster analysis for real estate and special economic zones.",DAM/DIM/DDMF,high,Sector and decision owner,,"Provides land, planning, demand, absorption, infrastructure, tenant, anchor, financing, valuation, governance, environmental, and economic-cluster analysis for real estate and special economic zones."
10-assurance-evaluation,decision-quality-gate,"Applies mandatory commercial, strategic, governance, impact, execution, evidence, downside, authority, long-term, and auditability tests before a material recommendation proceeds. Use as the final pre-decision assurance gate.",BPI/DAM/DIM/DDMF,critical,Independent assurance and decision authority,,"Applies mandatory commercial, strategic, governance, impact, execution, evidence, downside, authority, long-term, and auditability tests before a material recommendation proceeds. Use as the final pre-decision assurance gate."
10-assurance-evaluation,evidence-citation-auditor,"Verifies that material claims are supported by authoritative, current, traceable sources and that quotations, calculations, and interpretations accurately represent the evidence. Use before formal decision or publication.",BPI/DAM/DIM/DDMF,high,Independent reviewer,,"Verifies that material claims are supported by authoritative, current, traceable sources and that quotations, calculations, and interpretations accurately represent the evidence. Use before formal decision or publication."
10-assurance-evaluation,model-risk-validator,"Assesses model purpose, methodology, data, assumptions, limitations, calibration, sensitivity, governance, reproducibility, and misuse risk. Use for financial, economic, risk, forecasting, scoring, and AI models.",BPI/DAM/DIM/DDMF,critical,Independent model-risk authority,,"Assesses model purpose, methodology, data, assumptions, limitations, calibration, sensitivity, governance, reproducibility, and misuse risk. Use for financial, economic, risk, forecasting, scoring, and AI models."
10-assurance-evaluation,bias-and-independence-review,"Tests anchoring, confirmation, political, sponsor, sunk-cost, optimism, groupthink, selection, and model biases; checks reviewer independence and dissent quality. Use before material decisions and exception approvals.",BPI/DAM/DIM/DDMF,critical,Independent review owner,,"Tests anchoring, confirmation, political, sponsor, sunk-cost, optimism, groupthink, selection, and model biases; checks reviewer independence and dissent quality. Use before material decisions and exception approvals."
10-assurance-evaluation,compliance-policy-checker,"Checks outputs and proposed actions against applicable law, policy, delegations, standards, covenants, approvals, and control requirements; records exceptions and owners. Use before execution or formal submission.",BPI/DAM/DIM/DDMF,critical,Compliance/legal owner,,"Checks outputs and proposed actions against applicable law, policy, delegations, standards, covenants, approvals, and control requirements; records exceptions and owners. Use before execution or formal submission."
10-assurance-evaluation,confidentiality-leakage-check,"Tests documents, prompts, outputs, tools, recipients, metadata, and attachments for unauthorized disclosure of strategic, market-sensitive, personal, contractual, or national-interest information. Use before sharing or publication.",BPI/DAM/DIM/DDMF,critical,Information-security owner,,"Tests documents, prompts, outputs, tools, recipients, metadata, and attachments for unauthorized disclosure of strategic, market-sensitive, personal, contractual, or national-interest information. Use before sharing or publication."
10-assurance-evaluation,audit-trail-packager,"Packages request, evidence, versions, analysis, assumptions, tool actions, challenges, approvals, decisions, conditions, and follow-up into a tamper-evident audit record. Use at every material workflow milestone.",BPI/DAM/DIM/DDMF,high,Records and audit owner,,"Packages request, evidence, versions, analysis, assumptions, tool actions, challenges, approvals, decisions, conditions, and follow-up into a tamper-evident audit record. Use at every material workflow milestone."
10-assurance-evaluation,post-decision-learning,"Compares expected and actual outcomes, identifies thesis or execution errors, captures lessons, updates controls, and assigns corrective actions. Use after milestones, exits, incidents, restructurings, and material decisions.",BPI/DAM/DIM/DDMF,high,Decision owner and assurance,,"Compares expected and actual outcomes, identifies thesis or execution errors, captures lessons, updates controls, and assigns corrective actions. Use after milestones, exits, incidents, restructurings, and material decisions."
10-assurance-evaluation,skill-evaluation-runner,"Runs schema, trigger, non-trigger, functional, golden-case, adversarial, safety, governance, and regression evaluations for Claude Skills. Use before release, after changes, and on a defined monitoring cycle.",BPI,high,AI assurance owner,,"Runs schema, trigger, non-trigger, functional, golden-case, adversarial, safety, governance, and regression evaluations for Claude Skills. Use before release, after changes, and on a defined monitoring cycle."
10-assurance-evaluation,skill-lifecycle-governor,"Controls skill ownership, approval, versioning, dependencies, release, monitoring, incidents, retraining references, deprecation, archival, and periodic recertification. Use for enterprise management of the Danantara skill estate.",BPI,critical,AI Governance Committee,,"Controls skill ownership, approval, versioning, dependencies, release, monitoring, incidents, retraining references, deprecation, archival, and periodic recertification. Use for enterprise management of the Danantara skill estate."
